{
  "LAY001": {
    "predictions": [
      46.16609169677665,
      45.977678444037494,
      45.78926519129834,
      45.600851938559195,
      45.41243868582004,
      45.22402543308089,
      45.035612180341744,
      44.84719892760259,
      44.65878567486344,
      44.470372422124285,
      44.28195916938513,
      44.093545916645986,
      43.905132663906834,
      43.71671941116768,
      43.528306158428535,
      43.33989290568938,
      43.15147965295023,
      42.963066400211076,
      42.77465314747193,
      42.58623989473278,
      42.397826641993625,
      42.20941338925447,
      42.021000136515326,
      41.83258688377617,
      41.64417363103702,
      41.45576037829787,
      41.26734712555872,
      41.07893387281957,
      40.890520620080416,
      40.70210736734127
    ],
    "confidence_intervals": [
      [
        24.867761997463244,
        67.46442139609005
      ],
      [
        24.67934874472409,
        67.2760081433509
      ],
      [
        24.49093549198494,
        67.08759489061174
      ],
      [
        24.302522239245793,
        66.8991816378726
      ],
      [
        24.11410898650664,
        66.71076838513345
      ],
      [
        23.925695733767487,
        66.5223551323943
      ],
      [
        23.73728248102834,
        66.33394187965514
      ],
      [
        23.54886922828919,
        66.14552862691599
      ],
      [
        23.360455975550035,
        65.95711537417684
      ],
      [
        23.172042722810883,
        65.76870212143768
      ],
      [
        22.98362947007173,
        65.58028886869853
      ],
      [
        22.795216217332584,
        65.39187561595939
      ],
      [
        22.60680296459343,
        65.20346236322024
      ],
      [
        22.418389711854278,
        65.01504911048109
      ],
      [
        22.229976459115132,
        64.82663585774193
      ],
      [
        22.04156320637598,
        64.63822260500278
      ],
      [
        21.853149953636827,
        64.44980935226363
      ],
      [
        21.664736700897674,
        64.26139609952448
      ],
      [
        21.476323448158528,
        64.07298284678534
      ],
      [
        21.287910195419375,
        63.884569594046184
      ],
      [
        21.099496942680222,
        63.69615634130703
      ],
      [
        20.91108368994107,
        63.50774308856788
      ],
      [
        20.722670437201923,
        63.319329835828725
      ],
      [
        20.53425718446277,
        63.13091658308957
      ],
      [
        20.345843931723618,
        62.94250333035042
      ],
      [
        20.157430678984465,
        62.75409007761127
      ],
      [
        19.96901742624532,
        62.56567682487213
      ],
      [
        19.780604173506166,
        62.377263572132975
      ],
      [
        19.592190920767013,
        62.18885031939382
      ],
      [
        19.403777668027868,
        62.00043706665467
      ]
    ],
    "feature_importance": {
      "is_weekend": 0.12902393985263516,
      "is_summer": 0.0004078054026665771,
      "is_holiday_season": 0.0,
      "is_super_bowl": 0.0,
      "is_july_4th": 0.01930437672861634,
      "demand_lag_1": 0.05086686591696761,
      "demand_lag_3": 0.020387463765007455,
      "demand_lag_7": 0.039813133820369086,
      "demand_lag_14": 0.015358036810238946,
      "demand_lag_30": 0.015049235830499847,
      "demand_rolling_mean_7": 0.09080664410943916,
      "demand_rolling_std_7": 0.06685007856966588,
      "demand_rolling_max_7": 0.021587191819375816,
      "demand_rolling_mean_14": 0.03364744137656772,
      "demand_rolling_std_14": 0.03691287511279228,
      "demand_rolling_max_14": 0.014511023203183017,
      "demand_rolling_mean_30": 0.018595459367822843,
      "demand_rolling_std_30": 0.02660037197161789,
      "demand_rolling_max_30": 0.002027775632282981,
      "demand_trend_7": 0.059581302041578174,
      "demand_seasonal": 0.11112561860888501,
      "demand_monthly_seasonal": 0.007737587681823446,
      "promotional_boost": 0.01338964019702682,
      "weekend_summer": 0.19519520434284385,
      "holiday_weekend": 0.0,
      "brand_encoded": 0.0,
      "brand_tier_encoded": 0.0,
      "day_of_week_encoded": 0.008033065306109493,
      "month_encoded": 0.002217591382655613,
      "quarter_encoded": 0.0009702711493289877,
      "year_encoded": 0.0
    },
    "forecast_date": "2025-10-25T02:09:58.958317",
    "horizon_days": 30
  },
  "LAY002": {
    "predictions": [
      47.03043217902093,
      46.90522693297801,
      46.78002168693509,
      46.654816440892176,
      46.52961119484926,
      46.40440594880634,
      46.27920070276343,
      46.153995456720516,
      46.0287902106776,
      45.90358496463468,
      45.778379718591765,
      45.653174472548855,
      45.52796922650594,
      45.40276398046302,
      45.277558734420104,
      45.15235348837719,
      45.02714824233427,
      44.90194299629135,
      44.776737750248444,
      44.65153250420553,
      44.52632725816261,
      44.40112201211969,
      44.275916766076776,
      44.150711520033866,
      44.02550627399095,
      43.90030102794803,
      43.775095781905115,
      43.6498905358622,
      43.52468528981928,
      43.399480043776364
    ],
    "confidence_intervals": [
      [
        31.261189206678424,
        62.79967515136343
      ],
      [
        31.135983960635507,
        62.674469905320514
      ],
      [
        31.01077871459259,
        62.5492646592776
      ],
      [
        30.885573468549673,
        62.42405941323468
      ],
      [
        30.760368222506756,
        62.29885416719176
      ],
      [
        30.63516297646384,
        62.173648921148846
      ],
      [
        30.50995773042093,
        62.048443675105936
      ],
      [
        30.384752484378012,
        61.92323842906302
      ],
      [
        30.259547238335095,
        61.7980331830201
      ],
      [
        30.13434199229218,
        61.672827936977185
      ],
      [
        30.00913674624926,
        61.54762269093427
      ],
      [
        29.88393150020635,
        61.42241744489136
      ],
      [
        29.758726254163435,
        61.29721219884844
      ],
      [
        29.633521008120518,
        61.172006952805525
      ],
      [
        29.5083157620776,
        61.04680170676261
      ],
      [
        29.383110516034684,
        60.92159646071969
      ],
      [
        29.257905269991767,
        60.796391214676774
      ],
      [
        29.13270002394885,
        60.67118596863386
      ],
      [
        29.00749477790594,
        60.54598072259095
      ],
      [
        28.882289531863023,
        60.42077547654803
      ],
      [
        28.757084285820106,
        60.29557023050511
      ],
      [
        28.63187903977719,
        60.170364984462196
      ],
      [
        28.506673793734272,
        60.04515973841928
      ],
      [
        28.381468547691362,
        59.91995449237637
      ],
      [
        28.256263301648445,
        59.79474924633345
      ],
      [
        28.13105805560553,
        59.669544000290536
      ],
      [
        28.00585280956261,
        59.54433875424762
      ],
      [
        27.880647563519695,
        59.4191335082047
      ],
      [
        27.755442317476778,
        59.293928262161785
      ],
      [
        27.63023707143386,
        59.16872301611887
      ]
    ],
    "feature_importance": {
      "is_weekend": 0.057762841958368255,
      "is_summer": 0.000135395637512764,
      "is_holiday_season": 0.0,
      "is_super_bowl": 0.0,
      "is_july_4th": 0.004784186968272964,
      "demand_lag_1": 0.0322599564369619,
      "demand_lag_3": 0.041324365106297056,
      "demand_lag_7": 0.03221047738761869,
      "demand_lag_14": 0.0276013446648093,
      "demand_lag_30": 0.017380841843095598,
      "demand_rolling_mean_7": 0.05738491305839572,
      "demand_rolling_std_7": 0.06698874021284396,
      "demand_rolling_max_7": 0.02169192571764096,