{
  "LAY001": {
    "predictions": [
      45.676152475720365,
      45.48773922298121,
      45.299325970242066,
      45.11091271750291,
      44.92249946476376,
      44.73408621202461,
      44.545672959285454,
      44.35725970654631,
      44.168846453807156,
      43.980433201068,
      43.79201994832886,
      43.603606695589704,
      43.41519344285055,
      43.2267801901114,
      43.03836693737225,
      42.8499536846331,
      42.66154043189395,
      42.4731271791548,
      42.28471392641565,
      42.096300673676495,
      41.90788742093734,
      41.71947416819819,
      41.531060915459044,
      41.34264766271989,
      41.15423440998074,
      40.96582115724159,
      40.77740790450244,
      40.58899465176329,
      40.400581399024134,
      40.21216814628499
    ],
    "confidence_intervals": [
      [
        24.87416176550245,
        66.47814318593828
      ],
      [
        24.685748512763297,
        66.28972993319913
      ],
      [
        24.49733526002415,
        66.10131668045997
      ],
      [
        24.308922007285,
        65.91290342772083
      ],
      [
        24.120508754545845,
        65.72449017498167
      ],
      [
        23.932095501806693,
        65.53607692224253
      ],
      [
        23.74368224906754,
        65.34766366950336
      ],
      [
        23.555268996328394,
        65.15925041676422
      ],
      [
        23.36685574358924,
        64.97083716402507
      ],
      [
        23.178442490850088,
        64.78242391128592
      ],
      [
        22.990029238110942,
        64.59401065854678
      ],
      [
        22.80161598537179,
        64.40559740580761
      ],
      [
        22.613202732632637,
        64.21718415306847
      ],
      [
        22.424789479893484,
        64.0287709003293
      ],
      [
        22.236376227154338,
        63.84035764759017
      ],
      [
        22.047962974415185,
        63.651944394851014
      ],
      [
        21.859549721676032,
        63.46353114211186
      ],
      [
        21.671136468936886,
        63.275117889372716
      ],
      [
        21.482723216197734,
        63.08670463663356
      ],
      [
        21.29430996345858,
        62.89829138389441
      ],
      [
        21.105896710719428,
        62.70987813115526
      ],
      [
        20.917483457980275,
        62.521464878416104
      ],
      [
        20.72907020524113,
        62.33305162567696
      ],
      [
        20.540656952501976,
        62.144638372937806
      ],
      [
        20.352243699762823,
        61.95622512019865
      ],
      [
        20.163830447023678,
        61.76781186745951
      ],
      [
        19.975417194284525,
        61.579398614720354
      ],
      [
        19.787003941545372,
        61.3909853619812
      ],
      [
        19.59859068880622,
        61.20257210924205
      ],
      [
        19.410177436067073,
        61.0141588565029
      ]
    ],
    "feature_importance": {
      "is_weekend": 0.15786995328527056,
      "is_summer": 0.00072512525479453,
      "is_holiday_season": 0.0,
      "is_super_bowl": 0.0,
      "is_july_4th": 0.02021668536543905,
      "demand_lag_1": 0.04467726507984776,
      "demand_lag_3": 0.022307020067200846,
      "demand_lag_7": 0.02540100854348533,
      "demand_lag_14": 0.013639990516620118,
      "demand_lag_30": 0.016094073695697805,
      "demand_rolling_mean_7": 0.09353567699256496,
      "demand_rolling_std_7": 0.0665906225215584,
      "demand_rolling_max_7": 0.025646276603992275,
      "demand_rolling_mean_14": 0.0339609508511789,
      "demand_rolling_std_14": 0.03206964332686539,
      "demand_rolling_max_14": 0.015257296347908423,
      "demand_rolling_mean_30": 0.020553786333370447,
      "demand_rolling_std_30": 0.01554771366265726,
      "demand_rolling_max_30": 0.0016423701794957197,
      "demand_trend_7": 0.06331514579395034,
      "demand_seasonal": 0.11383051967083725,
      "demand_monthly_seasonal": 0.004105033049611437,
      "promotional_boost": 0.0115846431291285,
      "weekend_summer": 0.18989435354716255,
      "holiday_weekend": 0.0,
      "brand_encoded": 0.0,
      "brand_tier_encoded": 0.0,
      "day_of_week_encoded": 0.008443655094523914,
      "month_encoded": 0.0026645158964884296,
      "quarter_encoded": 0.00042667519034975387,
      "year_encoded": 0.0
    },
    "forecast_date": "2025-10-23T21:05:30.889319",
    "horizon_days": 30
  },
  "LAY002": {
    "predictions": [
      45.185434262354256,
      45.06022901631134,
      44.93502377026842,
      44.809818524225506,
      44.68461327818259,
      44.55940803213967,
      44.43420278609676,
      44.308997540053845,
      44.18379229401093,
      44.05858704796801,
      43.933381801925094,
      43.808176555882184,
      43.68297130983927,
      43.55776606379635,
      43.43256081775343,
      43.30735557171052,
      43.1821503256676,
      43.05694507962468,
      42.93173983358177,
      42.806534587538856,
      42.68132934149594,
      42.55612409545302,
      42.430918849410105,
      42.305713603367195,
      42.18050835732428,
      42.05530311128136,
      41.930097865238444,
      41.80489261919553,
      41.67968737315261,
      41.554482127109694
    ],
    "confidence_intervals": [
      [
        31.257691713112052,
        59.11317681159646
      ],
      [
        31.132486467069135,
        58.98797156555354
      ],
      [
        31.00728122102622,
        58.86276631951063
      ],
      [
        30.8820759749833,
        58.73756107346771
      ],
      [
        30.756870728940385,
        58.61235582742479
      ],
      [
        30.631665482897468,
        58.487150581381876
      ],
      [
        30.506460236854558,
        58.361945335338966
      ],
      [
        30.38125499081164,
        58.23674008929605
      ],
      [
        30.256049744768724,
        58.11153484325313
      ],
      [
        30.130844498725807,
        57.986329597210215
      ],
      [
        30.00563925268289,
        57.8611243511673
      ],
      [
        29.88043400663998,
        57.73591910512439
      ],
      [
        29.755228760597063,
        57.61071385908147
      ],
      [
        29.630023514554146,
        57.485508613038554
      ],
      [
        29.50481826851123,
        57.36030336699564
      ],
      [
        29.379613022468313,
        57.23509812095272
      ],
      [
        29.254407776425396,
        57.109892874909804
      ],
      [
        29.12920253038248,
        56.98468762886689
      ],
      [
        29.00399728433957,
        56.85948238282398
      ],
      [
        28.878792038296652,
        56.73427713678106
      ],
      [
        28.753586792253735,
        56.60907189073814
      ],
      [
        28.628381546210818,
        56.483866644695226
      ],
      [
        28.5031763001679,
        56.35866139865231
      ],
      [
        28.37797105412499,
        56.2334561526094
      ],
      [
        28.252765808082074,
        56.10825090656648
      ],
      [
        28.127560562039157,
        55.983045660523565
      ],
      [
        28.00235531599624,
        55.85784041448065
      ],
      [
        27.877150069953323,
        55.73263516843773
      ],
      [
        27.751944823910407,
        55.607429922394815
      ],
      [
        27.62673957786749,
        55.4822246763519
      ]
    ],
    "feature_importance": {
      "is_weekend": 0.08939061828558395,
      "is_summer": 0.000125985470377434,
      "is_holiday_season": 0.0,
      "is_super_bowl": 0.0,
      "is_july_4th": 0.003588614762457759,
      "demand_lag_1": 0.03533656704182756,
      "demand_lag_3": 0.03941541971062336,
      "demand_lag_7": 0.03306819277594603,
      "demand_lag_14": 0.029616377190352233,
      "demand_lag_30": 0.01882736495838298,
      "demand_rolling_mean_7": 0.06284742439033059,
      "demand_rolling_std_7": 0.06942851059711785,
      "demand_rolling_max_7": 0.017450395549471316,